<?xml version="1.0"?>
<doc>
    <assembly>
        <name>BookAppWebAPI</name>
    </assembly>
    <members>
        <member name="M:BookAppWebAPI.Controllers.BookController.Get">
            <summary>
            Get the list of available books
            </summary>
            <returns>List of Book</returns>
        </member>
        <member name="M:BookAppWebAPI.Controllers.BookController.Get(System.Int32)">
            <summary>
            Get the specific book data corresponding to the BookId
            </summary>
            <param name="id"></param>
            <returns></returns>
        </member>
        <member name="M:BookAppWebAPI.Controllers.BookController.CategoryDetails">
            <summary>
            Get the list of available categories
            </summary>
            <returns></returns>
        </member>
        <member name="M:BookAppWebAPI.Controllers.BookController.SimilarBooks(System.Int32)">
            <summary>
            Get the random five books from the category of book whose BookId is supplied
            </summary>
            <param name="bookId"></param>
            <returns></returns>
        </member>
        <member name="M:BookAppWebAPI.Controllers.BookController.Post">
            <summary>
            Add a new book record
            </summary>
            <returns></returns>
        </member>
        <member name="M:BookAppWebAPI.Controllers.BookController.Put">
            <summary>
            Update a particular book record
            </summary>
            <returns></returns>
        </member>
        <member name="M:BookAppWebAPI.Controllers.BookController.Delete(System.Int32)">
            <summary>
            Delete a particular book record
            </summary>
            <param name="id"></param>
            <returns></returns>
        </member>
        <member name="M:BookAppWebAPI.Controllers.LoginController.Login(BookAppClass.Models.UserMaster)">
            <summary>
            Login to the application
            </summary>
            <param name="login"></param>
            <returns></returns>
        </member>
        <member name="M:BookAppWebAPI.Controllers.UserController.ValidateUserName(System.String)">
            <summary>
            Get the count of item in the shopping cart
            </summary>
            <param name="userId"></param>
            <returns>The count of items in shopping cart</returns>
            <summary>
            Check the availability of the username
            </summary>
            <param name="userName"></param>
            <returns></returns>
        </member>
        <member name="M:BookAppWebAPI.Controllers.UserController.Post(BookAppClass.Models.UserMaster)">
            <summary>
            Register a new user
            </summary>
            <param name="userData"></param>
        </member>
        <member name="M:BookAppWebAPI.Controllers.WishlistController.Get(System.Int32)">
            <summary>
            Get the list of items in the Wishlist
            </summary>
            <param name="userId"></param>
            <returns>All the items in the Wishlist</returns>
        </member>
        <member name="M:BookAppWebAPI.Controllers.WishlistController.Post(System.Int32,System.Int32)">
            <summary>
            Toggle the items in Wishlist. If item doesn't exists, it will be added to the Wishlist else it will be removed.
            </summary>
            <param name="userId"></param>
            <param name="bookId"></param>
            <returns>All the items in the Wishlist</returns>
        </member>
        <member name="M:BookAppWebAPI.Controllers.WishlistController.Delete(System.Int32)">
            <summary>
            Clear the Wishlist
            </summary>
            <param name="userId"></param>
            <returns></returns>
        </member>
    </members>
</doc>
